Fact,Fact Note,Alabama,Alaska,Arizona,Arkansas,California,Colorado,Connecticut,Delaware,Florida,Georgia,Hawaii,Idaho,Illinois,Indiana,Iowa,Kansas,Kentucky,Louisiana,Maine,Maryland,Massachusetts,Michigan,Minnesota,Mississippi,Missouri,Montana,Nebraska,Nevada,New Hampshire,New Jersey,New Mexico,New York,North Carolina,North Dakota,Ohio,Oklahoma,Oregon,Pennsylvania,Rhode Island,South Carolina,South Dakota,Tennessee,Texas,Utah,Vermont,Virginia,Washington,West Virginia,Wisconsin,Wyoming
"Population estimates, July 1, 2016,  (V2016)",,"48,63,300","7,41,894","69,31,071","29,88,248","3,92,50,017","55,40,545","35,76,452","9,52,065","2,06,12,439","1,03,10,371","14,28,557","16,83,140","1,28,01,539","66,33,053","31,34,693","29,07,289","44,36,974","46,81,666","13,31,479","60,16,447","68,11,779","99,28,300","55,19,952","29,88,726","60,93,000","10,42,520","19,07,116","29,40,058","13,34,795","89,44,469",2081015,19745289,10146788,757952,11614373,3923561,4093465,12784227,1056426,4961119,865454,6651194,"2,78,62,596","30,51,217","6,24,594","84,11,808","72,88,000","18,31,102","57,78,708","5,85,501"
"Population estimates base, April 1, 2010,  (V2016)",,"47,80,131","7,10,249","63,92,301","29,16,025","3,72,54,522","50,29,324","35,74,114","8,97,936","1,88,04,592","96,88,680","13,60,301","15,67,650","1,28,31,574","64,84,136","30,46,869","28,53,129","43,39,344","45,33,479","13,28,364","57,73,786","65,47,813","98,84,129","53,03,924","29,68,103","59,88,928","9,89,414","18,26,334","27,00,691","13,16,461","87,91,953",2059198,19378110,9535688,672591,11536727,3751615,3831072,12702857,1052940,4625410,814195,6346298,"2,51,46,100","27,63,888","6,25,741","80,01,041","67,24,545","18,53,011","56,87,289","5,63,767"
"Population, percent change - April 1, 2010 (estimates base) to July 1, 2016,  (V2016)",,1.70%,4.50%,8.40%,2.50%,5.40%,10.20%,0.10%,6.00%,9.60%,6.40%,5.00%,7.40%,-0.20%,2.30%,2.90%,1.90%,2.20%,3.30%,0.20%,4.20%,4.00%,0.40%,4.10%,0.70%,1.70%,5.40%,4.40%,8.90%,1.40%,1.70%,0.011,0.019,0.064,0.127,0.007,0.046,0.068,0.006,0.003,0.073,0.063,0.048,10.80%,10.40%,-0.20%,5.10%,8.40%,-1.20%,1.60%,3.90%
"Population, Census, April 1, 2010",,"47,79,736","7,10,231","63,92,017","29,15,918","3,72,53,956","50,29,196","35,74,097","8,97,934","1,88,01,310","96,87,653","13,60,301","15,67,582","1,28,30,632","64,83,802","30,46,355","28,53,118","43,39,367","45,33,372","13,28,361","57,73,552","65,47,629","98,83,640","53,03,925","29,67,297","59,88,927","9,89,415","18,26,341","27,00,551","13,16,470","87,91,894",2059179,19378102,9535483,672591,11536504,3751351,3831074,12702379,1052567,4625364,814180,6346105,"2,51,45,561","27,63,885","6,25,741","80,01,024","67,24,540","18,52,994","56,86,986","5,63,626"
"Persons under 5 years, percent, July 1, 2016,  (V2016)",,6.00%,7.30%,6.30%,6.40%,6.30%,6.10%,5.20%,5.80%,5.50%,6.40%,6.40%,6.80%,6.00%,6.40%,6.40%,6.70%,6.20%,6.60%,4.90%,6.10%,5.30%,5.80%,6.40%,6.30%,6.10%,6.00%,7.00%,6.30%,4.80%,5.80%,0.062,0.059,0.06,0.073,0.06,0.068,0.058,0.056,0.052,0.059,0.071,0.061,7.20%,8.30%,4.90%,6.10%,6.20%,5.50%,5.80%,6.50%
"Persons under 5 years, percent, April 1, 2010",,6.40%,7.60%,7.10%,6.80%,6.80%,6.80%,5.70%,6.20%,5.70%,7.10%,6.40%,7.80%,6.50%,6.70%,6.60%,7.20%,6.50%,6.90%,5.20%,6.30%,5.60%,6.00%,6.70%,7.10%,6.50%,6.30%,7.20%,6.90%,5.30%,6.20%,0.07,0.06,0.066,0.066,0.062,0.07,0.062,0.057,0.055,0.065,0.073,0.064,7.70%,9.50%,5.10%,6.40%,6.50%,5.60%,6.30%,7.10%
"Persons under 18 years, percent, July 1, 2016,  (V2016)",,22.60%,25.20%,23.50%,23.60%,23.20%,22.80%,21.10%,21.50%,20.10%,24.40%,21.60%,26.00%,22.90%,23.80%,23.30%,24.60%,22.80%,23.80%,19.10%,22.40%,20.20%,22.10%,23.30%,24.10%,22.80%,21.80%,24.80%,23.00%,19.50%,22.20%,0.236,0.212,0.227,0.233,0.225,0.245,0.212,0.209,0.197,0.221,0.246,0.226,26.20%,30.20%,19.00%,22.20%,22.40%,20.50%,22.30%,23.70%
"Persons under 18 years, percent, April 1, 2010",,23.70%,26.40%,25.50%,24.40%,25.00%,24.40%,22.90%,22.90%,21.30%,25.70%,22.30%,27.40%,24.40%,24.80%,23.90%,25.50%,23.60%,24.70%,20.70%,23.40%,21.70%,23.70%,24.20%,25.50%,23.80%,22.60%,25.10%,24.60%,21.80%,23.50%,0.252,0.223,0.239,0.223,0.237,0.248,0.226,0.22,0.213,0.234,0.249,0.236,27.30%,31.50%,20.70%,23.20%,23.50%,20.90%,23.60%,24.00%
"Persons 65 years and over, percent,  July 1, 2016,  (V2016)",,16.10%,10.40%,16.90%,16.30%,13.60%,13.40%,16.10%,17.50%,19.90%,13.10%,17.10%,15.10%,14.60%,14.90%,16.40%,15.00%,15.60%,14.40%,19.40%,14.60%,15.80%,16.20%,15.10%,15.10%,16.10%,17.70%,15.00%,15.00%,17.00%,15.30%,0.165,0.154,0.155,0.145,0.162,0.15,0.168,0.174,0.165,0.167,0.16,0.157,12.00%,10.50%,18.10%,14.60%,14.80%,18.80%,16.10%,15.00%
"Persons 65 years and over, percent, April 1, 2010",,13.80%,7.70%,13.80%,14.40%,11.40%,10.90%,14.20%,14.40%,17.30%,10.70%,14.30%,12.40%,12.50%,13.00%,14.90%,13.20%,13.30%,12.30%,15.90%,12.30%,13.80%,13.80%,12.90%,12.80%,14.00%,14.80%,13.50%,12.00%,13.50%,13.50%,0.132,0.135,0.129,0.145,0.141,0.135,0.139,0.154,0.144,0.137,0.143,0.134,10.30%,9.00%,14.60%,12.20%,12.30%,16.00%,13.70%,12.40%
"Female persons, percent,  July 1, 2016,  (V2016)",,51.60%,47.70%,50.30%,50.90%,50.30%,49.70%,51.20%,51.60%,51.10%,51.30%,49.80%,49.90%,50.90%,50.70%,50.30%,50.20%,50.70%,51.10%,51.00%,51.60%,51.50%,50.80%,50.20%,51.50%,50.90%,49.70%,50.20%,49.90%,50.50%,51.20%,0.505,0.514,0.514,0.487,0.51,0.505,0.505,0.51,0.514,0.515,0.496,0.512,50.40%,49.70%,50.60%,50.80%,50.00%,50.50%,50.30%,48.90%
"Female persons, percent, April 1, 2010",,51.50%,48.00%,50.30%,50.90%,50.30%,49.90%,51.30%,51.60%,51.10%,51.20%,49.90%,49.90%,51.00%,50.80%,50.50%,50.40%,50.80%,51.00%,51.10%,51.60%,51.60%,50.90%,50.40%,51.40%,51.00%,49.80%,50.40%,49.50%,50.70%,51.30%,0.506,0.516,0.513,0.495,0.512,0.505,0.505,0.513,0.517,0.514,0.5,0.513,50.40%,49.80%,50.70%,50.90%,50.20%,50.70%,50.40%,49.00%
"White alone, percent, July 1, 2016,  (V2016)",(a),69.30%,66.10%,83.30%,79.40%,72.70%,87.50%,80.60%,70.10%,77.60%,61.20%,25.80%,93.30%,77.20%,85.60%,91.40%,86.60%,88.00%,63.20%,94.80%,59.30%,81.80%,79.60%,85.00%,59.30%,83.20%,89.20%,88.90%,75.10%,93.80%,72.40%,0.826,0.699,0.71,0.879,0.825,0.746,0.874,0.824,0.844,0.685,0.852,0.787,79.40%,91.10%,94.60%,70.00%,80.00%,93.60%,87.50%,92.80%
"Black or African American alone, percent, July 1, 2016,  (V2016)",(a),26.80%,3.80%,4.90%,15.70%,6.50%,4.50%,11.80%,22.60%,16.80%,32.00%,2.20%,0.80%,14.70%,9.70%,3.70%,6.20%,8.30%,32.60%,1.50%,30.70%,8.60%,14.20%,6.20%,37.70%,11.80%,0.60%,5.00%,9.60%,1.50%,15.00%,0.025,0.177,0.222,0.029,0.128,0.078,0.021,0.118,0.081,0.275,0.02,0.171,12.60%,1.40%,1.30%,19.80%,4.10%,3.60%,6.60%,1.30%
"American Indian and Alaska Native alone, percent, July 1, 2016,  (V2016)",(a),0.70%,15.20%,5.40%,1.00%,1.70%,1.60%,0.50%,0.60%,0.50%,0.50%,0.40%,1.80%,0.60%,0.40%,0.50%,1.20%,0.30%,0.80%,0.70%,0.60%,0.50%,0.70%,1.30%,0.60%,0.60%,6.60%,1.40%,1.60%,0.30%,0.60%,0.106,0.01,0.016,0.055,0.003,0.092,0.018,0.004,0.01,0.005,0.09,0.004,1.00%,1.60%,0.40%,0.50%,1.90%,0.20%,1.10%,2.70%
"Asian alone, percent, July 1, 2016,  (V2016)",(a),1.40%,6.30%,3.40%,1.60%,14.80%,3.30%,4.70%,4.00%,2.90%,4.10%,37.70%,1.50%,5.50%,2.20%,2.50%,3.00%,1.50%,1.80%,1.20%,6.60%,6.70%,3.10%,4.90%,1.10%,2.00%,0.80%,2.50%,8.70%,2.70%,9.80%,0.017,0.089,0.029,0.015,0.022,0.022,0.045,0.035,0.036,0.016,0.015,0.018,4.80%,2.50%,1.80%,6.60%,8.60%,0.80%,2.80%,1.00%
"Native Hawaiian and Other Pacific Islander alone, percent, July 1, 2016,  (V2016)",(a),0.10%,1.30%,0.30%,0.30%,0.50%,0.20%,0.10%,0.10%,0.10%,0.10%,10.20%,0.20%,0.10%,0.10%,0.10%,0.10%,0.10%,0.10%,Z,0.10%,0.10%,Z,0.10%,0.10%,0.10%,0.10%,0.10%,0.80%,0.10%,0.10%,0.002,0.001,0.001,0.001,0.001,0.002,0.004,0.001,0.002,0.001,0.001,0.001,0.10%,1.00%,Z,0.10%,0.80%,Z,0.10%,0.10%
"Two or More Races, percent, July 1, 2016,  (V2016)",,1.60%,7.30%,2.80%,2.00%,3.80%,3.00%,2.30%,2.60%,2.10%,2.10%,23.70%,2.40%,1.90%,2.00%,1.80%,2.90%,1.90%,1.60%,1.70%,2.80%,2.30%,2.40%,2.40%,1.20%,2.20%,2.70%,2.10%,4.20%,1.70%,2.20%,0.025,0.025,0.022,0.021,0.022,0.061,0.038,0.019,0.027,0.018,0.023,0.019,1.90%,2.50%,1.90%,2.90%,4.60%,1.70%,1.90%,2.10%
"Hispanic or Latino, percent, July 1, 2016,  (V2016)",(b),4.20%,7.00%,30.90%,7.30%,38.90%,21.30%,15.70%,9.20%,24.90%,9.40%,10.40%,12.30%,17.00%,6.80%,5.80%,11.60%,3.50%,5.00%,1.60%,9.80%,11.50%,5.00%,5.20%,3.10%,4.10%,3.60%,10.70%,28.50%,3.50%,20.00%,0.485,0.19,0.092,0.036,0.037,0.103,0.128,0.07,0.149,0.055,0.037,0.052,39.10%,13.80%,1.90%,9.10%,12.40%,1.50%,6.70%,10.00%
"White alone, not Hispanic or Latino, percent, July 1, 2016,  (V2016)",,65.80%,61.20%,55.50%,72.90%,37.70%,68.60%,67.70%,62.90%,54.90%,53.40%,22.10%,82.40%,61.70%,79.60%,86.20%,76.30%,85.00%,59.00%,93.50%,51.50%,73.00%,75.40%,80.60%,56.90%,79.70%,86.50%,79.60%,49.90%,90.80%,55.80%,0.381,0.558,0.635,0.85,0.795,0.662,0.764,0.77,0.733,0.639,0.825,0.742,42.60%,78.80%,93.10%,62.40%,69.50%,92.30%,81.70%,84.10%
"Veterans, 2011-2015",,"3,63,170","69,323","5,05,794","2,20,953","17,77,410","3,91,725","1,99,331","71,213","15,07,738","6,70,617","1,10,238","1,19,711","6,68,933","4,26,493","2,11,066","1,98,396","2,97,312","2,81,989","1,19,058","4,03,900","3,55,083","6,26,722","3,42,388","1,84,774","4,51,342","90,000","1,32,918","2,20,332","1,06,827","3,93,277",164157,828586,696119,51179,806531,295847,306723,870770,66076,378959,63742,462414,"15,39,655","1,34,332","44,708","7,06,539","5,64,864","1,50,021","3,81,940","48,505"
"Foreign born persons, percent, 2011-2015",,3.50%,7.40%,13.50%,4.70%,27.00%,9.80%,13.90%,8.70%,19.70%,9.80%,17.70%,6.10%,14.00%,4.80%,4.70%,6.90%,3.40%,4.00%,3.50%,14.50%,15.50%,6.30%,7.70%,2.30%,3.90%,2.10%,6.60%,19.20%,5.70%,21.70%,0.098,0.225,0.077,0.032,0.041,0.058,0.099,0.063,0.133,0.048,0.03,0.048,16.60%,8.40%,4.30%,11.70%,13.40%,1.50%,4.80%,3.60%
"Housing units,  July 1, 2016,  (V2016)",,"22,30,185","3,10,658","29,61,003","13,54,762","1,40,60,525","23,39,118","14,99,116","4,26,149","93,01,642","42,18,776","5,37,114","7,00,825","53,26,970","28,54,546","13,80,162","12,59,864","19,65,556","20,36,975","7,30,705","24,47,127","28,58,026","45,60,055","24,09,935","13,07,441","27,60,084","4,97,756","8,27,156","12,21,698","6,25,307","36,04,409",917568,8231687,4540498,368624,5164361,1721045,1732786,5612002,462589,2236153,383838,2919671,"1,07,53,629","10,54,164","3,29,525","34,91,054","30,25,685","8,86,640","26,68,444","2,70,600"
"Housing units, April 1, 2010",,"21,71,853","3,06,967","28,44,526","13,16,299","1,36,80,081","22,12,898","14,87,891","4,05,885","89,89,580","40,88,801","5,19,508","6,67,796","52,96,715","27,95,541","13,36,417","12,33,215","19,27,164","19,64,981","7,21,830","23,78,814","28,08,254","45,32,233","23,47,201","12,74,719","27,12,729","4,82,825","7,96,793","11,73,814","6,14,754","35,53,562",901388,8108103,4327528,317498,5127508,1664378,1675562,5567315,463388,2137683,363438,2812133,"99,77,436","9,79,709","3,22,539","33,64,939","28,85,677","8,81,917","26,24,358","2,61,868"
"Owner-occupied housing unit rate, 2011-2015",,68.70%,63.40%,62.80%,66.10%,54.30%,64.30%,67.00%,71.20%,65.30%,63.30%,56.90%,68.90%,66.40%,69.00%,71.50%,66.70%,67.20%,65.80%,71.20%,66.80%,62.10%,71.00%,71.70%,68.40%,67.20%,67.20%,66.20%,55.10%,71.00%,64.50%,0.681,0.536,0.651,0.641,0.663,0.661,0.613,0.692,0.601,0.686,0.681,0.668,62.20%,69.50%,71.00%,66.20%,62.50%,72.50%,67.30%,69.10%
"Median value of owner-occupied housing units, 2011-2015",,"$125,500 ","$250,000 ","$167,500 ","$111,400 ","$385,500 ","$247,800 ","$270,500 ","$231,500 ","$159,000 ","$148,100 ","$515,300 ","$162,900 ","$173,800 ","$124,200 ","$129,200 ","$132,000 ","$123,200 ","$144,100 ","$173,800 ","$286,900 ","$333,100 ","$122,400 ","$186,200 ","$103,100 ","$138,400 ","$193,500 ","$133,200 ","$173,700 ","$237,300 ","$315,900 ",160300,283400,154900,153800,129900,117900,237300,166000,238000,139900,140500,142100,"$136,000 ","$215,900 ","$217,500 ","$245,000 ","$259,500 ","$103,800 ","$165,800 ","$194,800 "
"Median selected monthly owner costs -with a mortgage, 2011-2015",,"$1,139 ","$1,827 ","$1,343 ","$1,019 ","$2,155 ","$1,577 ","$2,067 ","$1,537 ","$1,435 ","$1,346 ","$2,270 ","$1,189 ","$1,636 ","$1,102 ","$1,171 ","$1,282 ","$1,112 ","$1,200 ","$1,336 ","$1,951 ","$2,063 ","$1,257 ","$1,490 ","$1,077 ","$1,210 ","$1,294 ","$1,270 ","$1,442 ","$1,870 ","$2,386 ",1227,2022,1248,1243,1246,1147,1557,1425,1815,1183,1210,1181,"$1,432 ","$1,428 ","$1,535 ","$1,711 ","$1,731 ",$966 ,"$1,402 ","$1,348 "
"Median selected monthly owner costs -without a mortgage, 2011-2015",,$345 ,$554 ,$380 ,$327 ,$500 ,$419 ,$833 ,$445 ,$463 ,$392 ,$505 ,$340 ,$574 ,$378 ,$434 ,$455 ,$339 ,$317 ,$477 ,$582 ,$717 ,$461 ,$479 ,$341 ,$402 ,$387 ,$471 ,$410 ,$747 ,$973 ,327,709,373,423,444,370,469,498,682,347,433,359,$460 ,$388 ,$641 ,$433 ,$511 ,$293 ,$532 ,$386 
"Median gross rent, 2011-2015",,$717 ,"$1,146 ",$913 ,$677 ,"$1,255 ","$1,002 ","$1,075 ","$1,018 ","$1,002 ",$879 ,"$1,438 ",$743 ,$907 ,$745 ,$697 ,$757 ,$675 ,$788 ,$777 ,"$1,230 ","$1,102 ",$783 ,$848 ,$717 ,$746 ,$711 ,$726 ,$973 ,"$1,000 ","$1,192 ",777,1132,797,709,730,727,907,840,925,790,655,764,$882 ,$887 ,$895 ,"$1,116 ","$1,014 ",$643 ,$776 ,$789 
"Building permits, 2016",,"15,001","1,503","35,578","9,474","1,02,350","38,974","5,504","5,804","1,16,240","51,675","3,369","12,165","22,603","18,713","14,317","9,807","12,714","14,503","4,010","17,044","16,288","20,408","21,449","6,886","18,997","4,781","8,078","17,952","3,796","26,793",4863,33711,60550,3981,22816,12092,19586,23303,1226,32165,5686,36157,"1,65,853","22,662","1,771","31,132","44,077","2,544","19,274","1,727"
"Households, 2011-2015",,"18,48,325","2,50,969","24,12,212","11,38,025","1,27,17,801","20,24,468","13,52,583","3,44,022","73,00,494","35,74,362","4,50,572","5,89,320","47,86,388","25,01,937","12,36,409","11,13,472","17,08,499","17,27,919","5,53,284","21,66,389","25,49,721","38,41,148","21,24,745","10,96,593","23,64,688","4,09,394","7,36,613","10,16,709","5,20,251","31,89,486",763603,7262279,3775581,299638,4585084,1455321,1533430,4958859,410602,1815094,330858,2504556,"91,49,196","9,06,292","2,57,167","30,62,783","26,68,912","7,40,890","22,99,107","2,26,865"
"Persons per household, 2011-2015",,2.55,2.81,2.69,2.53,2.96,2.55,2.57,2.62,2.63,2.73,3.02,2.69,2.63,2.55,2.42,2.53,2.5,2.6,2.34,2.67,2.53,2.52,2.49,2.64,2.48,2.41,2.47,2.72,2.47,2.73,2.67,2.63,2.54,2.32,2.46,2.57,2.51,2.49,2.46,2.56,2.45,2.53,2.84,3.15,2.34,2.62,2.56,2.43,2.43,2.49
"Living in same house 1 year ago, percent of persons age 1 year+, 2011-2015",,85.30%,80.90%,81.30%,83.90%,85.20%,80.80%,87.80%,86.60%,83.80%,84.00%,85.10%,82.40%,86.80%,85.00%,84.80%,83.50%,84.70%,86.30%,85.90%,86.60%,87.10%,85.30%,85.50%,86.10%,83.90%,83.60%,83.70%,78.80%,86.50%,90.20%,0.857,0.891,0.847,0.822,0.853,0.826,0.819,0.88,0.866,0.847,0.834,0.847,83.30%,82.90%,86.50%,84.40%,82.50%,88.20%,85.80%,81.90%
"Language other than English spoken at home, percent of persons age 5 years+, 2011-2015",,5.20%,16.20%,26.90%,7.20%,43.90%,16.90%,21.90%,12.90%,28.10%,13.60%,25.20%,10.60%,22.70%,8.30%,7.40%,11.30%,5.10%,8.50%,6.60%,17.20%,22.50%,9.20%,11.00%,3.90%,6.00%,4.10%,10.80%,30.00%,7.90%,30.50%,0.357,0.304,0.112,0.056,0.067,0.098,0.151,0.106,0.214,0.069,0.065,0.069,35.00%,14.70%,5.40%,15.40%,18.90%,2.50%,8.70%,7.10%
"High school graduate or higher, percent of persons age 25 years+, 2011-2015",,84.30%,92.10%,86.00%,84.80%,81.80%,90.70%,89.90%,88.40%,86.90%,85.40%,91.00%,89.50%,87.90%,87.80%,91.50%,90.20%,84.20%,83.40%,91.60%,89.40%,89.80%,89.60%,92.40%,82.30%,88.40%,92.80%,90.70%,85.10%,92.30%,88.60%,0.842,0.856,0.858,0.917,0.891,0.869,0.898,0.892,0.862,0.856,0.909,0.855,81.90%,91.20%,91.80%,88.30%,90.40%,85.00%,91.00%,92.30%
"Bachelor's degree or higher, percent of persons age 25 years+, 2011-2015",,23.50%,28.00%,27.50%,21.10%,31.40%,38.10%,37.60%,30.00%,27.30%,28.80%,30.80%,25.90%,32.30%,24.10%,26.70%,31.00%,22.30%,22.50%,29.00%,37.90%,40.50%,26.90%,33.70%,20.70%,27.10%,29.50%,29.30%,23.00%,34.90%,36.80%,0.263,0.342,0.284,0.277,0.261,0.241,0.308,0.286,0.319,0.258,0.27,0.249,27.60%,31.10%,36.00%,36.30%,32.90%,19.20%,27.80%,25.70%
"With a disability, under age 65 years, percent, 2011-2015",,11.80%,8.10%,8.20%,12.30%,6.80%,7.20%,7.10%,8.50%,8.50%,8.80%,6.50%,9.00%,7.10%,9.70%,7.90%,8.60%,12.90%,11.00%,11.90%,7.10%,7.90%,10.30%,7.10%,11.90%,10.40%,9.10%,7.30%,9.00%,8.50%,6.60%,0.101,0.074,0.096,0.068,0.099,0.113,0.102,0.095,0.089,0.103,0.084,0.112,8.10%,6.60%,10.00%,7.70%,8.90%,14.40%,8.20%,8.50%
"Persons  without health insurance, under age 65 years, percent",,10.70%,15.50%,11.90%,9.30%,8.30%,8.60%,5.70%,6.60%,15.30%,14.80%,4.20%,11.80%,7.40%,9.40%,5.00%,10.10%,6.00%,11.90%,9.90%,7.00%,2.90%,6.30%,4.80%,13.90%,10.50%,9.80%,9.90%,13.10%,7.10%,9.20%,0.108,0.07,0.122,0.081,0.066,0.161,0.073,0.067,0.051,0.119,0.103,0.106,18.60%,9.70%,4.50%,10.10%,6.90%,6.50%,6.20%,13.40%
"In civilian labor force, total, percent of population age 16 years+, 2011-2015",,58.00%,67.70%,59.30%,58.50%,63.10%,67.60%,67.20%,63.10%,58.80%,62.30%,61.50%,62.60%,65.60%,63.90%,67.60%,66.30%,59.10%,60.40%,63.40%,67.90%,67.50%,61.20%,70.00%,57.50%,63.20%,63.60%,69.90%,64.00%,68.20%,65.90%,0.591,0.633,0.618,0.693,0.633,0.611,0.621,0.628,0.655,0.601,0.686,0.61,64.30%,67.70%,66.60%,64.70%,63.50%,53.90%,67.10%,67.70%
"In civilian labor force, female, percent of population age 16 years+, 2011-2015",,53.00%,65.00%,54.50%,53.30%,57.20%,62.60%,62.80%,59.40%,54.70%,57.90%,58.80%,56.80%,60.70%,59.00%,63.30%,61.60%,54.90%,56.00%,59.90%,64.10%,63.40%,57.10%,66.20%,53.70%,59.30%,59.50%,65.20%,59.30%,63.80%,60.60%,0.549,0.587,0.577,0.65,0.59,0.557,0.576,0.583,0.616,0.562,0.646,0.563,57.70%,59.50%,63.60%,60.80%,58.50%,49.20%,63.50%,62.70%
"Total accommodation and food services sales, 2012 ($1,000)",(c),"75,76,462","22,21,335","1,39,96,635","43,07,264","9,08,30,372","1,36,17,654","95,42,068","21,48,437","4,98,17,925","1,89,76,611","95,36,706","26,80,225","2,79,37,381","1,30,76,602","54,68,687","48,73,411","75,00,115","1,16,97,949","29,01,347","1,25,16,782","1,75,08,975","1,79,62,356","1,17,22,627","69,99,175","1,24,30,310","24,20,455","30,94,498","2,74,81,505","29,42,278","1,96,73,558",4349672,49285508,18622258,2045123,20652777,7121153,8466788,23504192,2481314,9763818,1873699,12499013,"5,44,80,811","47,89,281","15,64,272","1,77,95,901","1,42,97,278","40,36,333","1,03,03,256","16,44,844"
"Total health care and social assistance receipts/revenue, 2012 ($1,000)",(c),"2,60,39,632","63,75,483","3,70,55,881","1,57,92,628","24,89,53,592","2,94,88,161","2,95,73,119","70,03,251","12,40,61,425","5,18,00,643","81,36,947","78,95,614","8,34,31,778","4,24,93,117","1,85,83,828","1,82,48,370","2,62,64,745","2,79,51,792","1,02,97,043","4,08,21,901","6,35,83,090","6,30,18,786","4,04,03,572","1,66,30,587","4,00,89,316","64,69,475","1,28,69,418","1,39,28,514","96,16,460","6,03,75,232",11236630,155666053,55227505,5418355,80915693,22795438,24956816,96329248,8223005,22941292,6211731,42383683,"14,50,35,130","1,45,21,857","44,57,996","4,77,05,003","4,39,66,889","1,22,59,395","4,06,80,625","32,91,478"
"Total manufacturers shipments, 2012 ($1,000)",(c),"12,48,09,759",D,"5,12,43,473","6,27,12,925","51,23,03,164","5,04,47,098","5,51,60,095","2,25,97,384","9,69,24,106","15,58,36,792",D,"2,02,01,432","28,10,37,755","24,27,63,842","11,66,68,830","8,60,76,260","12,92,84,438","27,11,91,050","1,60,44,543","3,95,32,989","8,19,27,799","23,88,92,383","12,30,76,309","6,64,41,608","11,15,35,362","1,15,35,236","5,74,99,177","1,47,19,141","1,88,95,624","10,88,54,971",29102352,148879931,202344646,14427360,313629976,74295394,51349948,231396178,11262158,99160840,16882647,139960482,"70,26,03,073","5,00,46,429","93,15,494","9,63,89,872","13,15,30,601","2,45,53,072","17,77,28,926","1,07,83,794"
"Total merchant wholesaler sales, 2012 ($1,000)",(c),"5,77,46,565","52,16,303","6,94,37,272","3,12,56,110","66,66,52,186","7,70,34,971","16,19,62,244","56,28,914","25,26,26,608","14,36,45,290","96,07,982","1,79,06,012","29,54,56,992","8,11,73,422","6,23,18,301","6,02,26,324","7,17,45,899","6,80,12,838","1,29,61,262","6,07,34,191","12,39,04,370","11,57,04,903","10,44,85,117","2,83,02,952","9,19,16,351","1,26,45,824","4,26,18,995","1,98,41,701","1,80,29,179","28,84,67,844",10720363,341734970,105275586,28150837,155426023,71892946,48325261,191170147,22310389,45520900,20411059,111718421,"69,12,42,607","3,09,27,885","64,50,076","8,66,13,641","8,33,13,366","1,42,95,437","7,70,66,883","55,97,891"
"Total retail sales, 2012 ($1,000)",(c),"5,85,64,965","1,04,74,275","8,47,16,542","3,68,15,256","48,18,00,461","6,78,15,200","5,16,32,467","1,44,56,001","27,38,67,145","11,98,01,495","1,89,01,745","2,04,44,278","16,66,34,514","8,58,57,962","4,49,05,624","3,82,76,461","5,48,69,978","6,13,96,364","2,15,21,714","7,63,79,707","9,29,15,380","11,93,02,046","7,88,98,182","3,70,53,190","9,05,46,581","1,56,23,573","3,04,70,717","3,82,34,170","2,60,18,201","13,36,65,728",25179274,251167736,120691007,15519816,153553997,50256231,49481054,178794945,12063865,58093824,13791827,91641605,"35,61,16,376","3,80,24,486","99,33,751","11,00,02,385","11,89,24,049","2,26,37,923","7,82,01,822","94,46,043"
"Total retail sales per capita, 2012",(c),"$12,145 ","$14,320 ","$12,927 ","$12,483 ","$12,665 ","$13,073 ","$14,381 ","$15,763 ","$14,177 ","$12,077 ","$13,576 ","$12,812 ","$12,942 ","$13,133 ","$14,607 ","$13,263 ","$12,526 ","$13,342 ","$16,192 ","$12,980 ","$13,980 ","$12,071 ","$14,667 ","$12,413 ","$15,036 ","$15,544 ","$16,422 ","$13,858 ","$19,700 ","$15,079 ",12073,12834,12376,22183,13301,13174,12690,14008,11486,12298,16550,14194,"$13,666 ","$13,317 ","$15,868 ","$13,438 ","$17,243 ","$12,201 ","$13,656 ","$16,388 "
"Mean travel time to work (minutes), workers age 16 years+, 2011-2015",,24.4,19,24.8,21.6,28,24.8,25.4,25.5,26.4,27.4,26.8,20.2,28.4,23.3,18.9,19.1,23,25.1,23.6,32.3,28.7,24.2,23.1,24.1,23.2,18.1,18.3,23.9,26.9,31,21.6,32.3,23.9,17.2,23.2,21.3,22.9,26.3,24.2,23.9,16.9,24.5,25.6,21.6,22.5,27.9,26.3,25.6,21.9,18.3
"Median household income (in 2015 dollars), 2011-2015",,"$43,623 ","$72,515 ","$50,255 ","$41,371 ","$61,818 ","$60,629 ","$70,331 ","$60,509 ","$47,507 ","$49,620 ","$69,515 ","$47,583 ","$57,574 ","$49,255 ","$53,183 ","$52,205 ","$43,740 ","$45,047 ","$49,331 ","$74,551 ","$68,563 ","$49,576 ","$61,492 ","$39,665 ","$48,173 ","$47,169 ","$52,997 ","$51,847 ","$66,779 ","$72,093 ",44963,59269,46868,57181,49429,46879,51243,53599,56852,45483,50957,45219,"$53,207 ","$60,727 ","$55,176 ","$65,015 ","$61,062 ","$41,751 ","$53,357 ","$58,840 "
"Per capita income in past 12 months (in 2015 dollars), 2011-2015",,"$24,091 ","$33,413 ","$25,848 ","$22,798 ","$30,318 ","$32,217 ","$38,803 ","$30,554 ","$26,829 ","$25,737 ","$29,822 ","$23,399 ","$30,494 ","$25,346 ","$27,950 ","$27,706 ","$24,063 ","$24,981 ","$27,655 ","$36,897 ","$36,895 ","$26,607 ","$32,157 ","$21,057 ","$26,259 ","$26,381 ","$27,882 ","$26,541 ","$34,362 ","$36,582 ",24012,33236,25920,32035,26953,25032,27684,29291,31118,24604,26747,25227,"$26,999 ","$24,686 ","$29,894 ","$34,152 ","$31,762 ","$23,450 ","$28,340 ","$29,803 "
"Persons in poverty, percent",,17.10%,9.90%,16.40%,17.20%,14.30%,11.00%,9.80%,11.70%,14.70%,16.00%,9.30%,14.40%,13.00%,14.10%,11.80%,12.10%,18.50%,20.20%,12.50%,9.70%,10.40%,15.00%,9.90%,20.80%,14.00%,13.30%,11.40%,13.80%,7.30%,10.40%,0.198,0.147,0.154,0.107,0.146,0.163,0.133,0.129,0.128,0.153,0.133,0.158,15.60%,10.20%,11.90%,11.00%,11.30%,17.90%,11.80%,11.30%
"Total employer establishments, 2015",Includes data not distributed by county.,"98,540","20,907","1,36,352","65,175","9,08,120","1,61,737","89,232","24,852","5,32,830","2,24,593","31,915","44,757","3,18,266","1,45,116","80,952","74,526","91,845","1,05,575","40,801","1,37,204","1,75,225","2,19,627","1,48,666","58,662","1,58,191","37,270","53,719","63,383","37,669","2,30,961",43793,540298,223209,24848,251668,93093,112393,299695,28387,103973,26511,133344,"5,69,091","75,463","21,121","1,97,384","1,82,913","36,993","1,39,500","21,040"
"Total employment, 2015",Includes data not distributed by county.,"16,34,391","2,67,999","22,95,186","10,03,113","1,43,25,377","22,53,795","15,03,102","3,97,385","77,77,990","36,92,490","5,23,677","5,46,524","54,27,549","26,60,503","13,38,418","11,89,876","15,79,477","17,24,973","5,00,549","22,39,817","31,67,329","37,25,280","26,12,314","9,26,391","24,42,316","3,75,041","8,70,279","11,29,965","5,76,424","35,58,619",626284,7998994,3670284,365893,4719985,1370988,1498727,5306896,425748,1662251,353540,2507205,"1,02,39,710","12,03,954","2,66,363","31,98,718","26,02,408","5,65,435","25,03,532","2,19,881"
"Total annual payroll, 2015 ($1,000)",Includes data not distributed by county.,"6,73,70,353","1,56,43,303","10,26,71,393","3,94,51,191","85,69,54,246","11,75,39,555","9,25,55,072","2,13,05,227","33,70,74,525","17,48,39,354","2,20,68,393","2,11,19,617","28,91,83,546","11,33,15,432","5,50,79,743","5,12,59,676","6,37,41,066","7,66,84,760","2,04,13,159","11,84,96,858","19,80,26,611","17,48,73,962","13,30,92,716","3,39,48,151","10,91,35,528","1,42,27,065","3,69,67,924","4,65,95,673","2,80,76,320","20,90,72,015",25145307,513083321,164936258,17184756,213161303,59124620,71006598,257626942,19704826,66120263,13812997,110481280,"52,10,95,797","5,14,53,266","1,06,15,093","16,57,88,897","14,92,58,789","2,21,59,084","11,24,06,494","1,00,94,010"
"Total employment, percent change, 2014-2015",Includes data not distributed by county.,1.90%,0.40%,2.40%,1.10%,3.50%,3.30%,1.20%,1.50%,4.50%,4.00%,0.90%,3.00%,2.20%,2.20%,1.70%,1.00%,2.90%,0.40%,1.60%,1.00%,2.60%,3.20%,1.80%,1.60%,1.60%,3.10%,2.30%,3.70%,2.30%,0.90%,0.039,0.018,0.031,0.014,0.018,0.008,0.038,0.01,0.01,0.028,0.016,0.022,3.20%,4.90%,2.00%,1.20%,2.90%,-1.70%,2.20%,FN
"Total nonemployer establishments, 2015",,"3,22,025","55,521","4,51,951","1,98,380","32,06,958","4,80,847","2,72,809","60,734","20,40,339","8,70,897","1,04,707","1,22,221","9,68,330","4,03,546","2,07,167","1,95,777","2,80,835","3,58,223","1,13,012","4,75,518","5,14,298","7,00,254","3,97,378","2,11,955","4,02,091","86,969","1,31,518","2,05,980","1,04,437","6,70,765",121279,1685636,722639,53263,763418,276218,278839,811890,76747,329431,64006,495703,"22,05,149","2,16,280","60,312","5,76,446","4,44,135","88,136","3,41,935","48,140"
"All firms, 2012",,"3,74,153","68,032","4,99,926","2,31,959","35,48,449","5,47,352","3,26,693","73,418","21,00,187","9,29,864","1,18,454","1,46,642","11,35,017","4,79,059","2,59,121","2,39,118","3,31,546","4,14,291","1,39,570","5,31,953","6,07,664","8,34,087","4,89,494","2,35,454","4,91,606","1,12,419","1,64,089","2,27,156","1,31,638","7,92,088",151363,2008988,805985,68270,904814,327229,339305,975453,94642,367726,81314,550453,"23,56,748","2,51,419","75,827","6,53,193","5,41,522","1,14,435","4,32,980","62,427"
"Men-owned firms, 2012",,"2,03,604","35,402","2,45,243","1,23,158","18,52,580","2,84,554","1,87,845","38,328","10,84,885","4,80,578","60,409","70,438","6,09,648","2,53,533","1,35,382","1,25,169","1,84,154","2,15,111","79,243","2,76,630","3,57,158","4,46,128","2,68,710","1,25,079","2,57,948","55,913","83,696","1,14,057","76,716","4,64,592",71132,1139910,435677,37016,510078,174395,165691,579400,54651,202446,42418,302249,"12,51,696","1,32,163","41,270","3,53,012","2,62,650","63,112","2,36,252","30,039"
"Women-owned firms, 2012",,"1,37,630","22,141","1,82,425","75,962","13,20,085","1,94,508","1,06,678","23,964","8,07,817","3,76,506","44,453","45,121","4,17,500","1,62,798","82,345","77,194","1,06,011","1,51,114","42,067","2,09,119","1,99,210","3,06,986","1,57,821","89,159","1,62,616","35,449","51,936","82,508","38,525","2,52,944",59044,725709,287058,20316,306824,105168,123015,304803,30484,131856,23722,195694,"8,66,678","76,269","23,417","2,36,290","1,87,677","39,065","1,33,859","19,344"
"Minority-owned firms, 2012",,"92,219","13,688","1,35,313","35,982","16,19,857","85,849","56,113","14,440","9,26,112","3,71,588","74,208","10,592","3,11,684","61,252","14,707","26,127","27,258","1,26,100","4,339","2,03,394","89,967","1,58,946","47,302","74,824","61,035","5,578","14,571","71,864","6,111","2,37,242",60622,709021,183380,3190,122653,64875,41456,131512,14737,83233,4101,105234,"10,70,392","24,423","2,354","1,85,043","92,807","5,777","40,507","4,077"
"Nonminority-owned firms, 2012",,"2,72,651","51,147","3,44,981","1,89,029","18,19,107","4,42,365","2,59,614","54,782","11,21,749","5,38,893","38,510","1,30,973","7,95,129","4,05,090","2,36,561","2,04,562","2,96,155","2,77,676","1,31,322","3,14,902","4,99,959","6,57,237","4,28,716","1,55,094","4,15,972","1,02,746","1,44,122","1,44,944","1,21,297","5,33,808",83857,1248304,603182,62271,759569,249027,285028,818858,77042,276269,74228,434025,"12,24,845","2,18,826","70,491","4,50,109","4,26,697","1,04,785","3,79,934","55,397"
"Veteran-owned firms, 2012",,"41,943","7,953","46,780","25,915","2,52,377","51,722","31,056","7,206","1,85,756","96,787","11,148","12,804","89,110","45,174","25,889","21,610","33,208","42,211","15,689","50,976","58,339","71,861","45,582","26,789","49,217","11,486","16,693","23,049","16,119","57,996",14096,137532,86571,6584,91316,36273,30918,97969,9904,47987,8604,59379,"2,13,590","18,754","8,237","76,434","49,331","12,912","39,830","6,470"
"Nonveteran-owned firms, 2012",,"3,16,984","56,091","4,27,582","1,92,988","31,76,341","4,69,524","2,81,182","60,318","18,46,686","8,00,585","1,01,334","1,24,314","10,06,885","4,12,543","2,17,779","2,03,401","2,82,704","3,54,460","1,15,839","4,62,232","5,25,667","7,33,517","4,19,628","1,98,566","4,15,542","93,393","1,37,254","1,91,293","1,08,817","7,07,975",128693,1811544,684743,56904,776193,273491,288790,837792,79837,303137,66219,469392,"20,57,218","2,19,807","63,317","5,48,439","4,61,401","94,960","3,70,755","51,353"
"Population per square mile, 2010",,94.4,1.2,56.3,56,239.1,48.5,738.1,460.8,350.6,168.4,211.8,19,231.1,181,54.5,34.9,109.9,104.9,43.1,594.8,839.4,174.8,66.6,63.2,87.1,6.8,23.8,24.6,147,"1,195.50",17,411.2,196.1,9.7,282.3,54.7,39.9,283.9,1018.1,153.9,10.7,153.9,96.3,33.6,67.9,202.6,101.2,77.1,105,5.8
"Land area in square miles, 2010",,"50,645.33","5,70,640.95","1,13,594.08","52,035.48","1,55,779.22","1,03,641.89","4,842.36","1,948.54","53,624.76","57,513.49","6,422.63","82,643.12","55,518.93","35,826.11","55,857.13","81,758.72","39,486.34","43,203.90","30,842.92","9,707.24","7,800.06","56,538.90","79,626.74","46,923.27","68,741.52","1,45,545.80","76,824.17","1,09,781.18","8,952.65","7,354.22",121298.15,47126.4,48617.91,69000.8,40860.69,68594.92,95988.01,44742.7,1033.81,30060.7,75811,41234.9,"2,61,231.71","82,169.62","9,216.66","39,490.09","66,455.52","24,038.21","54,157.80","97,093.14"
FIPS Code,,"""01""","""02""","""04""","""05""","""06""","""08""","""09""","""10""","""12""","""13""","""15""","""16""","""17""","""18""","""19""","""20""","""21""","""22""","""23""","""24""","""25""","""26""","""27""","""28""","""29""","""30""","""31""","""32""","""33""","""34""","""35""","""36""","""37""","""38""","""39""","""40""","""41""","""42""","""44""","""45""","""46""","""47""","""48""","""49""","""50""","""51""","""53""","""54""","""55""","""56"""
,,,,,,,,,,,,,,,,,,,,,,,,,,,,,,,,,,,,,,,,,,,,,,,,,,,
NOTE: FIPS Code values are enclosed in quotes to ensure leading zeros remain intact.,,,,,,,,,,,,,,,,,,,,,,,,,,,,,,,,,,,,,,,,,,,,,,,,,,,
,,,,,,,,,,,,,,,,,,,,,,,,,,,,,,,,,,,,,,,,,,,,,,,,,,,
Value Notes,,,,,,,,,,,,,,,,,,,,,,,,,,,,,,,,,,,,,,,,,,,,,,,,,,,
1,Includes data not distributed by county.,,,,,,,,,,,,,,,,,,,,,,,,,,,,,,,,,,,,,,,,,,,,,,,,,,
,,,,,,,,,,,,,,,,,,,,,,,,,,,,,,,,,,,,,,,,,,,,,,,,,,,
Fact Notes,,,,,,,,,,,,,,,,,,,,,,,,,,,,,,,,,,,,,,,,,,,,,,,,,,,
(a),Includes persons reporting only one race,,,,,,,,,,,,,,,,,,,,,,,,,,,,,,,,,,,,,,,,,,,,,,,,,,
(b),"Hispanics may be of any race, so also are included in applicable race categories",,,,,,,,,,,,,,,,,,,,,,,,,,,,,,,,,,,,,,,,,,,,,,,,,,
(c),Economic Census - Puerto Rico data are not comparable to U.S. Economic Census data,,,,,,,,,,,,,,,,,,,,,,,,,,,,,,,,,,,,,,,,,,,,,,,,,,
,,,,,,,,,,,,,,,,,,,,,,,,,,,,,,,,,,,,,,,,,,,,,,,,,,,
Value Flags,,,,,,,,,,,,,,,,,,,,,,,,,,,,,,,,,,,,,,,,,,,,,,,,,,,
-,"Either no or too few sample observations were available to compute an estimate, or a ratio of medians cannot be calculated because one or both of the median estimates falls in the lowest or upper interval of an open ended distribution.",,,,,,,,,,,,,,,,,,,,,,,,,,,,,,,,,,,,,,,,,,,,,,,,,,
D,Suppressed to avoid disclosure of confidential information,,,,,,,,,,,,,,,,,,,,,,,,,,,,,,,,,,,,,,,,,,,,,,,,,,
F,Fewer than 25 firms,,,,,,,,,,,,,,,,,,,,,,,,,,,,,,,,,,,,,,,,,,,,,,,,,,
FN,Footnote on this item in place of data,,,,,,,,,,,,,,,,,,,,,,,,,,,,,,,,,,,,,,,,,,,,,,,,,,
NA,Not available,,,,,,,,,,,,,,,,,,,,,,,,,,,,,,,,,,,,,,,,,,,,,,,,,,
S,Suppressed; does not meet publication standards,,,,,,,,,,,,,,,,,,,,,,,,,,,,,,,,,,,,,,,,,,,,,,,,,,
X,Not applicable,,,,,,,,,,,,,,,,,,,,,,,,,,,,,,,,,,,,,,,,,,,,,,,,,,
Z,Value greater than zero but less than half unit of measure shown,,,,,,,,,,,,,,,,,,,,,,,,,,,,,,,,,,,,,,,,,,,,,,,,,,
